{"properties": [
  {
    "name": "app.couchbase.connection-string",
    "type": "java.lang.String",
    "description": "A description for 'app.couchbase.connection-string'"
  },
  {
    "name": "app.couchbase.user-name",
    "type": "java.lang.String",
    "description": "A description for 'app.couchbase.user-name'"
  },
  {
    "name": "app.couchbase.password",
    "type": "java.lang.String",
    "description": "A description for 'app.couchbase.password'"
  },
  {
    "name": "app.couchbase.bucket-primary",
    "type": "java.lang.String",
    "description": "A description for 'app.couchbase.bucket-primary'"
  },
  {
    "name": "app.couchbase.bucket-user",
    "type": "java.lang.String",
    "description": "A description for 'app.couchbase.bucket-user'"
  }
]}